REPLACE INTO `users` (`userID`, `email`, `firstName`, `lastName`, `password`, `username`) VALUES
	(1, 'jackrkern@gmail.com', 'Jack', 'Kern', '$2a$10$qKOVRdX4XLu3AU8aSAO2LeCZMtzFKSN1qzCNzxXmdXeVkeL7DKkOO', 'Squeekems'),
	(2, 'rachel.wilk2413@gmail.com', 'Rachel', 'Wilk', '$2a$10$JxXuFRYhbvBO/YYOBB0kxepa29fL9AleC/61PQaWJVb45gc00vEdy', 'Tinkerthorn'),
	(3, 'sjwilk2@gmail.com', 'Sandy', 'Wilk', '$2a$10$R0oNrDMJVhHk/EBWZoyQ5eo5jScERB6ZpVRKUZ8WQeZx9nARpxoEq', 'Grandy');
REPLACE INTO `aisles` (`aisleID`, `name`, `userID`) VALUES
	(1, '00', 1),
	(2, '01', 1),
	(3, '02', 1),
	(4, '03', 1),
	(5, '04', 1),
	(6, '05', 1),
	(7, '06', 1),
	(8, '07', 1),
	(9, '08', 1),
	(10, '09', 1),
	(11, '10', 1),
	(12, '11', 1),
	(13, '12', 1),
	(14, '13', 1),
	(15, '14', 1),
	(16, '15', 1),
	(17, '16', 1),
	(18, '17', 1),
	(19, '18', 1),
	(20, '19', 1),
	(21, '20', 1);
REPLACE INTO `items` (`itemID`, `description`, `aisleID`, `userID`) VALUES
	(1, 'Bread Crumbs', 1, 1),
	(2, 'Lemon Juice', 1, 1),
	(3, 'Parmesan Cheese', 1, 1),
	(4, 'Salmon Filet', 1, 1),
	(5, 'American Cheese', 2, 1),
	(6, 'Butter', 2, 1),
	(7, 'Egg', 2, 1),
	(8, 'Eggnog', 2, 1),
	(9, 'Light Cream', 2, 1),
	(10, 'Milk (2%)', 2, 1),
	(11, 'Mozzarella Cheese', 2, 1),
	(12, 'Oikos Triple Zero Greek Yogurt', 2, 1),
	(13, 'Orange Juice (No Pulp)', 2, 1),
	(14, 'Pepperjack Cheese', 2, 1),
	(15, 'Provolone Cheese', 2, 1),
	(16, 'Whole Milk Ricotta (15 ounce)', 2, 1),
	(17, 'Bacon', 3, 1),
	(18, 'Bagel (Onion)', 3, 1),
	(19, 'Baked Beans', 3, 1),
	(20, 'Cream of Mushroom Soup', 3, 1),
	(21, 'Duck Sauce', 3, 1),
	(22, 'Hot Dog', 3, 1),
	(23, 'Butternut Squash Raviolis', 4, 1),
	(24, 'Frank\'s Red Hot', 4, 1),
	(25, 'Honey Mustard', 4, 1),
	(26, 'Ketchup', 4, 1),
	(27, 'Mild Salsa', 4, 1),
	(28, 'Mustard', 4, 1),
	(29, 'Nonstick Cooking Spray w/ Flour', 4, 1),
	(30, 'Olive Oil', 4, 1),
	(31, 'Pepperoncini', 4, 1),
	(32, 'Pepperoni', 4, 1),
	(33, 'Pickle (Hamburger Sliced)', 4, 1),
	(34, 'Poppy Seed', 4, 1),
	(35, 'Shrimp', 4, 1),
	(36, 'Soy', 4, 1),
	(37, 'Stuffed Clams', 4, 1),
	(38, 'Taco Seasoning', 4, 1),
	(39, 'Tortilla Chips', 4, 1),
	(40, 'Tuna', 4, 1),
	(41, 'Vegetable Oil', 4, 1),
	(42, 'Vinegar', 4, 1),
	(43, 'Kashi Go Chocolate Crunch', 5, 1),
	(44, 'Maple Syrup', 5, 1),
	(45, 'Oatmeal', 5, 1),
	(46, 'Raisin Bran', 5, 1),
	(47, 'Basil Pesto', 6, 1),
	(48, 'Crushed Tomato (28 ounce)', 6, 1),
	(49, 'Egg Noodles', 6, 1),
	(50, 'Fettuccine', 6, 1),
	(51, 'Rice', 6, 1),
	(52, 'Tomato & Basil Sauce', 6, 1),
	(53, 'Apple Juice', 7, 1),
	(54, 'Grape Juice', 7, 1),
	(55, 'Mashed Potatoes', 7, 1),
	(56, 'All-Purpose Flour', 8, 1),
	(57, 'Allspice', 8, 1),
	(58, 'Baking Soda', 8, 1),
	(59, 'Brown Sugar', 8, 1),
	(60, 'Brownie Mix', 8, 1),
	(61, 'Crushed Red Pepper', 8, 1),
	(62, 'Flour', 8, 1),
	(63, 'Food Coloring', 8, 1),
	(64, 'Garlic Powder', 8, 1),
	(65, 'Granulated Sugar', 8, 1),
	(66, 'Ground Cinnamon', 8, 1),
	(67, 'Italian Seasoning', 8, 1),
	(68, 'Lemon Powder', 8, 1),
	(69, 'Onion Powder', 8, 1),
	(70, 'Pepper', 8, 1),
	(71, 'Pillsbury Creamy Supreme Vanilla Frosting', 8, 1),
	(72, 'Pumpkin Pie Spice', 8, 1),
	(73, 'Pumpkin Puree 15oz.', 8, 1),
	(74, 'Salt', 8, 1),
	(75, 'Swiss Miss Hot Chocolate', 8, 1),
	(76, 'Tea Bags (Lipton)', 8, 1),
	(77, 'Thyme', 8, 1),
	(78, 'Vanilla Extract', 8, 1),
	(79, 'Big Slider Bags', 9, 1),
	(80, 'Canned Pineapple', 9, 1),
	(81, 'Chicken Stuffing', 9, 1),
	(82, 'Concord Grape Jelly', 9, 1),
	(83, 'Honey', 9, 1),
	(84, 'Napkins', 9, 1),
	(85, 'Nutella', 9, 1),
	(86, 'Peanut Butter', 9, 1),
	(87, 'Cashews', 10, 1),
	(88, 'Pork Chop', 10, 1),
	(89, 'Beef', 11, 1),
	(90, 'Deodorant', 11, 1),
	(91, 'Newborn Diapers', 11, 1),
	(92, 'Whey (Vanilla)', 11, 1),
	(93, 'Flossups', 12, 1),
	(94, 'Mouthwash', 12, 1),
	(95, 'Tissues', 12, 1),
	(96, 'Toilet Paper', 12, 1),
	(97, 'Toothpaste (Sensodyne Advanced Whitening)', 12, 1),
	(98, 'Laundry Detergent', 14, 1),
	(99, 'Steak', 15, 1),
	(100, 'Water', 15, 1),
	(101, 'Black Unsweetened Iced Tea', 16, 1),
	(102, 'Club Soda', 16, 1),
	(103, 'Cream Soda', 16, 1),
	(104, 'Ginger Ale (Seagram)', 16, 1),
	(105, 'Orange Soda (Sunkist)', 16, 1),
	(106, 'Pepsi', 16, 1),
	(107, 'Bread Thins', 17, 1),
	(108, 'Burger Buns', 17, 1),
	(109, 'Crackers', 17, 1),
	(110, 'Hot Dog Buns', 17, 1),
	(111, 'Tanqueray Dry Gin', 18, 1),
	(112, 'Chicken', 19, 1),
	(113, 'Hashbrown', 19, 1),
	(114, 'Waffles', 19, 1),
	(115, 'Cauliflower Rice', 20, 1),
	(116, 'Crinkle-Cut French Fries', 20, 1),
	(117, 'Frozen Broccoli', 20, 1),
	(118, 'Frozen Brussel Sprouts', 20, 1),
	(119, 'Frozen Cauliflower', 20, 1),
	(120, 'Frozen Fruit', 20, 1),
	(121, 'Frozen Pepper Strips', 20, 1),
	(122, 'Italian Blend Stirfry Vegetables', 20, 1),
	(123, 'Mrs. Budd\'s Chicken Pot Pie', 20, 1),
	(124, 'Peking Stirfry Vegetables', 20, 1),
	(125, 'Perogi', 20, 1),
	(126, 'Ravioli', 20, 1),
	(127, 'Apple', 21, 1),
	(128, 'Avacado', 21, 1),
	(129, 'Banana', 21, 1),
	(130, 'Carrot', 21, 1),
	(131, 'Celery', 21, 1),
	(132, 'Cherry Tomatoes', 21, 1),
	(133, 'Cucumber', 21, 1),
	(134, 'Garlic', 21, 1),
	(135, 'Grapes', 21, 1),
	(136, 'Green Pepper', 21, 1),
	(137, 'Halo Top (Mint Chip)', 21, 1),
	(138, 'Mushroom', 21, 1),
	(139, 'Orange', 21, 1),
	(140, 'Red Cabbage', 21, 1),
	(141, 'Romaine Lettuce', 21, 1),
	(142, 'Shallot', 21, 1),
	(143, 'Strawberries', 21, 1),
	(144, 'Zucchini', 21, 1);
REPLACE INTO `unitsofmeasurement` (`unitOfMeasurementID`, `name`, `userID`) VALUES
	(1, '', 1),
	(2, 'tsp', 1),
	(3, 'TBS', 1),
	(4, 'oz.', 1),
	(5, 'lb.', 1),
	(6, 'Cup', 1),
	(7, 'Slice', 1);
REPLACE INTO `amounts` (`amountID`, `value`, `userID`) VALUES
	(1, '¼', 1),
	(2, '⅓', 1),
	(3, '½', 1),
	(4, '⅔', 1),
	(5, '¾', 1),
	(6, '1', 1),
	(7, '2', 1),
	(8, '3', 1),
	(9, '4', 1),
	(10, '5', 1),
	(11, '6', 1),
	(12, '7', 1),
	(13, '8', 1),
	(14, '9', 1),
	(15, '10', 1),
	(16, '11', 1),
	(17, '12', 1),
	(18, '13', 1),
	(19, '14', 1),
	(20, '15', 1),
	(21, '16', 1),
	(22, '17', 1),
	(23, '18', 1),
	(24, '19', 1),
	(25, '20', 1),
	(26, '21', 1),
	(27, '22', 1),
	(28, '23', 1),
	(29, '24', 1);
REPLACE INTO `ingredients` (`ingredientID`, `amountID`, `itemID`, `unitOfMeasurementID`) VALUES
	(1, 9, 112, 1),
	(2, 13, 15, 7),
	(3, 16, 20, 4),
	(4, 1, 10, 6),
	(5, 11, 81, 4),
	(6, 6, 112, 1),
	(7, 6, 41, 3),
	(8, 6, 74, 2),
	(9, 6, 70, 2),
	(10, 6, 62, 6),
	(11, 6, 134, 3),
	(12, 6, 83, 3),
	(13, 6, 36, 3),
	(14, 6, 42, 3),
	(15, 17, 23, 1),
	(16, 6, 142, 1),
	(17, 9, 6, 3),
	(18, 7, 9, 6),
	(19, 7, 44, 3),
	(20, 6, 77, 2),
	(21, 6, 89, 5),
	(22, 6, 7, 1),
	(23, 6, 10, 6),
	(24, 6, 1, 6),
	(25, 7, 59, 3),
	(26, 7, 28, 3),
	(27, 2, 26, 6),
	(28, 6, 121, 1),
	(29, 1, 36, 6),
	(30, 7, 59, 3),
	(31, 7, 2, 3),
	(32, 6, 51, 6),
	(33, 6, 64, 1),
	(34, 6, 69, 1),
	(35, 3, 87, 6),
	(36, 7, 30, 3),
	(37, 1, 100, 6),
	(38, 6, 89, 5),
	(39, 7, 51, 6),
	(40, 9, 136, 1),
	(41, 29, 52, 4),
	(42, 7, 11, 6),
	(43, 6, 141, 1),
	(44, 6, 140, 1),
	(45, 6, 133, 1),
	(46, 6, 132, 1),
	(47, 6, 131, 1),
	(48, 6, 130, 1),
	(49, 6, 144, 1),
	(50, 6, 136, 1),
	(51, 6, 7, 1),
	(52, 6, 18, 1),
	(53, 6, 11, 7),
	(54, 1, 10, 6),
	(55, 1, 136, 1),
	(56, 7, 5, 7),
	(57, 6, 113, 1),
	(58, 9, 32, 7),
	(59, 7, 24, 3),
	(60, 6, 6, 1),
	(61, 6, 35, 1),
	(62, 6, 122, 1),
	(63, 6, 121, 1),
	(64, 6, 68, 1),
	(65, 6, 68, 1),
	(66, 6, 126, 5),
	(67, 6, 89, 3),
	(68, 6, 69, 1),
	(69, 6, 48, 3),
	(70, 6, 67, 1),
	(71, 9, 16, 6),
	(72, 6, 7, 1),
	(73, 1, 3, 6),
	(74, 1, 136, 7),
	(75, 6, 7, 1),
	(76, 6, 11, 3),
	(77, 6, 107, 1),
	(78, 6, 86, 3),
	(79, 6, 82, 3),
	(80, 6, 120, 1),
	(81, 6, 119, 1),
	(82, 6, 117, 1),
	(83, 6, 12, 1),
	(84, 6, 92, 1),
	(85, 6, 100, 1),
	(86, 8, 30, 3),
	(87, 7, 6, 3),
	(88, 6, 61, 2),
	(89, 6, 134, 2),
	(90, 7, 36, 3),
	(91, 7, 83, 3),
	(92, 6, 4, 5),
	(93, 3, 50, 5),
	(94, 7, 47, 3),
	(95, 6, 61, 3);
REPLACE INTO `recipes` (`recipeID`, `instructions`, `name`, `userID`) VALUES
	(1, '"Preheat the oven to 350°.\nCombine ¼ Cup Milk & 11 ozs Cream of Mushroom Soup.\nGrease 13""x9"" baking dish.\nPlace Chicken\nTop each Chicken with 2 Slices Provolone.\nSpread Soup over Provolone.\nSprinkle 6 ozs Chicken Stuffing over Soup.\nCover with foil and bake for 45 minutes.\nRemove foil and bake for 15 minutes.\nServe over rice or noodles."', 'Stuffed Chicken', 1),
	(2, '"Heat 1 TBS Vegetable Oil.\nAdd Salt and Pepper to Chicken.\nDip Chicken in Flour.\nAdd Chicken to Vegetable Oil.\nAdd Garlic, Honey, Soy, and Vinegar."', 'Honey Garlic Chicken', 1),
	(3, '"Melt 4 TBSs Butter\nAdd diced Shallot translucent\nAdd 2 Cups Light Cream\nAdd 2 TBSs Maple Syrup stirring\nAdd 1 tsp Thyme"', 'Butternut Squash Raviolis', 1),
	(4, '"Preheat the oven to 350°.\nMix 1½ lb.s Beef, Egg, 1 Cup Milk, & 1 Cup Bread Crumbs together.\nMix 2 TBSs Brown Sugar, 2 TBSs Mustard, & ⅓ Cup Ketchup together.\nBake for 1 hour."', 'Meatloaf', 1),
	(5, '"Mix ¼ Cup Soy, ¼ Cup Water, 2 TBSs Brown Sugar, & 2 TBSs Lemon Juice together.\nCook 2 TBSs Olive Oil with Garlic Powder & Onion Powder for 1 minute.\nAdd Stirfry Vegetables to oil.\nAdd Mix & bring to boil.\nTop with ½ Cup Cashews."', 'Vegetable Stirfry', 1),
	(6, '"Preheat the oven to 350°.\nCook Beef in Pan\nCook Rice in Pot\nWhen Both Rice and Beef are done, Mix Together With Sauce and Half of Cheese\nCut Tops off Green Peppers and Hollow them out\nFill Green Peppers with Beef/Rice/Sauce mixture\nTop off with rest of Mozzarella Cheese\nPlace stuffed Peppers in 13x9 in Pan\nBake in Oven for 10-20 minutes until desired tenderness"', 'Stuffed Peppers', 1),
	(7, 'Chop up the ingredients and put em in a bowl!', 'Garden Salad', 1),
	(8, '"Scramble Egg with ¼ Cup Milk (2%).\nButter a pan and pour the scrambled egg into the pan.\nAdd Mozzarella Cheese.\nAdd ¼ Diced Green Pepper.\nAdd 4 Slices of Pepperoni.\nFlip the scrambled egg and add 1 Slice American Cheese.\nToast Bagel. Put 1 Slice American Cheese in between 2 halves of the toasted bagel immediately after toasting.\nPut Hashbrown in airfryer for 8 minutes @ 400°.\nPlace Hashbrown on top of the bottom half of Bagel.\nAdd Frank\'s Red Hot Sauce to Hashbrown.\nPlace scrambled egg on Hashbrown.\nEnjoy."', 'Jack\'s Famous Egg Sandwich', 1),
	(9, '"Cook half a stick of butter in a pan.\nAdd shrimp to the butter.\nEvenly coat shrimp in Lemon Powder and stir.\nAdd Frozen Pepper Strips and Italian Blend Stirfry Vegetables to the pan and cover.\nAdd more Lemon Powder and stir.\nServe over rice or Egg Noodles."', 'Shrimp Stirfry', 1),
	(10, '"Preheat the oven to 350°.\nBoil Raviolis.\nCook Beef with Onion Powder. Stir in Crushed Tomato with Italian Seasoning.\nMix Ricotta w/ 1 Cup of Mozzarella and Egg.\nSpread 1 Cup of Tomato mixture in baking dish.\nTop with layer of Raviolis.\nSpread ½ Ricotta mixture over Raviolis.\nAdd 1 Cup of Mozzarella.\nDo steps 5-9 again.\nTop w/ remaining Tomato mixture, Raviolis, and Mozzarella.\nSprinkle Parmesan on top.\nCook in oven for 35-45 minutes.\nLet cool 15 minutes.\nEnjoy!"', 'Jack\'s Ravioli Lasagna', 1),
	(11, '"Dice the Slice of Green Pepper.\nFry the egg. Pop the yoke. Stir in the diced Green Pepper and Mozzarella.\nToast the Bread Thin.\nSpread the Peanut Butter and Concord Grape Jelly on the Bread Thin."', 'Rachel\'s "Usual" Breakfast', 1),
	(12, '"Use 1 serving size of Fruit\nUse ½ serving size of Cauliflower\nUse ½ serving size of Broccoli\nUse 1 serving size of Yogurt\nUse 1 serving size of Whey\nFill Ninja cup to the Max Liquid line with Water\nBlend and let sit for half a day before consuming."', 'Rachel\'s Smoothie', 1),
	(13, '"Set Water to boil with 1 TBS Olive Oil and 1 tsp Salt.\nOil the pan.\nPut 1 TBS Butter in the pan.\nMix 1 tsp Crushed Red Pepper.\nMix 1 tsp Garlic.\nAdd 2 TBS Soy and 2 TBS Honey.\nPut Filet in pan Skin-side down.\nStrain Fettuccine\nAdd 1 TBS Butter, 1 TBS Crushed Red Pepper, and Basil Pesto to Fettuccine"', 'Honey Encrusted Salmon', 1);
REPLACE INTO `recipes_ingredients` (`recipeID`, `ingredientID`) VALUES
	(1, 1),
	(1, 2),
	(1, 3),
	(1, 4),
	(1, 5),
	(2, 6),
	(2, 7),
	(2, 8),
	(2, 9),
	(2, 10),
	(2, 11),
	(2, 12),
	(2, 13),
	(2, 14),
	(3, 15),
	(3, 16),
	(3, 17),
	(3, 18),
	(3, 19),
	(3, 20),
	(4, 21),
	(4, 22),
	(4, 23),
	(4, 24),
	(4, 25),
	(4, 26),
	(4, 27),
	(5, 28),
	(5, 29),
	(5, 30),
	(5, 31),
	(5, 32),
	(5, 33),
	(5, 34),
	(5, 35),
	(5, 36),
	(5, 37),
	(6, 38),
	(6, 39),
	(6, 40),
	(6, 41),
	(6, 42),
	(7, 43),
	(7, 44),
	(7, 45),
	(7, 46),
	(7, 47),
	(7, 48),
	(7, 49),
	(7, 50),
	(8, 51),
	(8, 52),
	(8, 53),
	(8, 54),
	(8, 55),
	(8, 56),
	(8, 57),
	(8, 58),
	(8, 59),
	(9, 60),
	(9, 61),
	(9, 62),
	(9, 63),
	(9, 64),
	(10, 65),
	(10, 66),
	(10, 67),
	(10, 68),
	(10, 69),
	(10, 70),
	(10, 71),
	(10, 72),
	(10, 73),
	(11, 74),
	(11, 75),
	(11, 76),
	(11, 77),
	(11, 78),
	(11, 79),
	(12, 80),
	(12, 81),
	(12, 82),
	(12, 83),
	(12, 84),
	(12, 85),
	(13, 86),
	(13, 87),
	(13, 88),
	(13, 89),
	(13, 90),
	(13, 91),
	(13, 92),
	(13, 93),
	(13, 94),
	(13, 95);